{"cameraMode":{"drawMode":0,"name":"Shaded","section":"Shading Mode"},"sceneLighting":true,"audioPlay":false,"sceneViewState":{"m_AlwaysRefresh":false,"showFog":true,"showSkybox":true,"showFlares":true,"showImageEffects":true,"showParticleSystems":true,"showVisualEffectGraphs":true,"m_FxEnabled":true},"in2DMode":false,"pivot":{"x":0.13774919509887696,"y":-1.2841143608093262,"z":-0.8780510425567627},"rotation":{"x":-0.0012695164186879993,"y":-0.983250617980957,"z":0.18228588998317719,"w":-0.00677565997466445},"size":14.820951461791993,"orthographic":false}